104;{'list3': ['slippers', 'tourtle', 'solider'], 'list1': [], 'list2': ['slippers']}
113;{'list3': ['soilder', 'spiced'], 'list1': [], 'list2': ['poon']}
119;{'list3': [], 'list1': [], 'list2': []}
122;{'list3': ['wold', 'slippers'], 'list1': ['slippers'], 'list2': []}
128;{'list3': [], 'list1': [], 'list2': []}
131;{'list3': [], 'list1': [], 'list2': ['forjk']}
134;{'list3': [], 'list1': ['tree'], 'list2': []}
140;{'list3': ['engieneer', 'snake'], 'list1': ['dool'], 'list2': ['soilder']}
143;{'list3': [], 'list1': ['basby'], 'list2': []}
146;{'list3': ['solider'], 'list1': [], 'list2': ['solider']}
152;{'list3': ['trutle'], 'list1': [], 'list2': []}
155;{'list3': ['trutle', 'minster', 'solider'], 'list1': ['dull'], 'list2': ['soilder']}
158;{'list3': [], 'list1': [], 'list2': []}
161;{'list3': ['drum violin'], 'list1': ['spoom'], 'list2': []}
164;{'list3': ['Minstery'], 'list1': ['Minstery'], 'list2': ['Minstery', 'Rack']}
167;{'list3': [], 'list1': ['solider'], 'list2': []}
173;{'list3': [], 'list1': ['urtle'], 'list2': ['jounral']}
176;{'list3': [], 'list1': [], 'list2': ['be']}
182;{'list3': [], 'list1': ['bike'], 'list2': []}
185;{'list3': ['tutle'], 'list1': ['sppon', 'enginer'], 'list2': ['solider', 'whisle']}
188;{'list3': [], 'list1': ['bike', 'knife', 'cat'], 'list2': ['fox']}
191;{'list3': [], 'list1': [], 'list2': []}
194;{'list3': ['sppon'], 'list1': ['door'], 'list2': ['pider']}
197;{'list3': ['poon', 'ork', 'urtle', 'oll'], 'list1': ['bark'], 'list2': []}
200;{'list3': [], 'list1': ['solider'], 'list2': ['uck']}
203;{'list3': ['tree'], 'list1': ['bird', 'tree', 'snake'], 'list2': ['jounal']}
206;{'list3': ['minsiter'], 'list1': ['flower'], 'list2': []}
209;{'list3': [], 'list1': ['slippers'], 'list2': []}
212;{'list3': [], 'list1': [], 'list2': []}
215;{'list3': [], 'list1': [], 'list2': []}
218;{'list3': ['pythin'], 'list1': ['ptyhin'], 'list2': []}
221;{'list3': ['tutrle'], 'list1': ['mice', 'ice'], 'list2': ['phython']}
224;{'list3': ['owl spoon'], 'list1': [], 'list2': []}
227;{'list3': [], 'list1': [], 'list2': []}
230;{'list3': [], 'list1': [], 'list2': []}
233;{'list3': [], 'list1': ['Dog'], 'list2': []}
236;{'list3': [], 'list1': ['dog'], 'list2': []}
239;{'list3': ['solider'], 'list1': ['oven', 'frog'], 'list2': ['solider', 'frog']}
242;{'list3': ['foek'], 'list1': [], 'list2': ['sppon']}
245;{'list3': [], 'list1': [], 'list2': []}
248;{'list3': [], 'list1': [], 'list2': []}
251;{'list3': ['solider'], 'list1': [], 'list2': ['solider']}
254;{'list3': [], 'list1': [], 'list2': []}
257;{'list3': [], 'list1': ['bird'], 'list2': ['solider']}
260;{'list3': [], 'list1': [], 'list2': []}
263;{'list3': [], 'list1': [], 'list2': []}
266;"{'list3': [], 'list1': ['spon', 'dear', 'soilder', 'slippery', 'violen'], 'list2': ['solider', 'slippery', ""duck'""]}"
269;{'list3': [], 'list1': ['ministr'], 'list2': []}
272;{'list3': [], 'list1': [], 'list2': ['violen', 'dreum']}
275;"{'list3': [], 'list1': [], 'list2': ['journa;', 'solider']}"
278;{'list3': ['violen'], 'list1': [], 'list2': []}
281;{'list3': ['moose'], 'list1': [], 'list2': []}
284;{'list3': [], 'list1': [], 'list2': ['engeneer', 'poon']}
287;{'list3': ['skipper'], 'list1': [], 'list2': ['']}
290;{'list3': ['sppon'], 'list1': [], 'list2': []}
293;{'list3': ['whitsle', 'solider'], 'list1': [], 'list2': ['solider']}
296;{'list3': ['whiste', 'violen'], 'list1': [], 'list2': ['violen']}
299;{'list3': [], 'list1': ['sppon', 'spoon*', 'cat'], 'list2': ['wold', 'wolf*']}
302;{'list3': ['puthon', '', ''], 'list1': [], 'list2': []}
305;{'list3': ['wold'], 'list1': ['journa'], 'list2': []}
308;{'list3': ['sppon', 'box', 'tutrle'], 'list1': [], 'list2': ['forl']}
311;{'list3': [], 'list1': [], 'list2': []}
314;{'list3': [], 'list1': [], 'list2': []}
317;{'list3': [], 'list1': [], 'list2': []}
320;{'list3': ['violen'], 'list1': ['violen'], 'list2': ['violen', 'rack', 'wistle']}
323;{'list3': [], 'list1': [], 'list2': []}
326;{'list3': [], 'list1': [], 'list2': []}
329;{'list3': [], 'list1': [], 'list2': []}
331;{'list3': ['deeer'], 'list1': [], 'list2': []}
333;{'list3': ['pyhon'], 'list1': ['spoom'], 'list2': []}
335;{'list3': ['sppon', '', 'minister\\'], 'list1': [], 'list2': ['spide']}
338;{'list3': [], 'list1': ['soilder'], 'list2': ['violen']}
341;{'list3': [], 'list1': [], 'list2': []}
344;{'list3': ['bowl'], 'list1': ['bowl'], 'list2': ['spoom', 'bowl', 'hst']}
347;{'list3': [], 'list1': [], 'list2': []}
350;{'list3': [], 'list1': [], 'list2': []}
353;{'list3': [], 'list1': [], 'list2': []}
356;{'list3': ['snake'], 'list1': [], 'list2': []}
359;{'list3': ['spoo'], 'list1': [], 'list2': []}
362;{'list3': ['rske', 'solider', 'iowl', 'journsal', 'voilin'], 'list1': ['solider'], 'list2': ['spi9der', 'whiislte', 'golf']}
365;{'list3': ['sppon', 'owl wolf'], 'list1': ['drums'], 'list2': ['drums']}
368;"{'list3': ['deert', 'journa;'], 'list1': ['wold', 'violen'], 'list2': []}"
371;{'list3': [], 'list1': [], 'list2': []}
374;{'list3': ['poon'], 'list1': ['babty'], 'list2': ['solider', 'spon']}
377;{'list3': ['solider'], 'list1': [], 'list2': []}
380;{'list3': ['minsiter', 'ork', 'olf', 'slippers', 'drums'], 'list1': ['eer', 'drums', 'slippers'], 'list2': ['slippers', 'drums']}
383;{'list3': ['fox'], 'list1': ['ork', 'fox'], 'list2': ['fox']}
386;{'list3': ['bird', 'cake'], 'list1': ['bird', 'crown'], 'list2': ['bird', '', 'snake']}
389;{'list3': ['drom', 'soilder'], 'list1': [], 'list2': ['soilder']}
392;{'list3': ['owall'], 'list1': [], 'list2': ['dear', 'pyhtoon', '']}
395;{'list3': ['wistle'], 'list1': ['spon', 'wofl'], 'list2': ['solider', 'soon']}
398;{'list3': [], 'list1': ['snake', 'tie'], 'list2': []}
401;{'list3': [], 'list1': [], 'list2': []}
404;{'list3': ['tout', 'magister'], 'list1': [], 'list2': []}
407;{'list3': [], 'list1': [], 'list2': ['wold', '', 'soldie4r']}
410;{'list3': ['sink'], 'list1': [], 'list2': []}
413;{'list3': [], 'list1': [], 'list2': ['sppon', 'wold']}
416;{'list3': ['fish'], 'list1': [], 'list2': ['fish']}
419;{'list3': [], 'list1': ['KEY'], 'list2': ['ENGINNER', 'SOLIDER']}
422;{'list3': [], 'list1': ['train'], 'list2': ['enginner', 'pyhton']}
425;{'list3': [], 'list1': [], 'list2': ['tortuse', 'bell']}
428;{'list3': [], 'list1': [], 'list2': []}
431;{'list3': ['ite'], 'list1': [], 'list2': ['book', '']}
433;{'list3': ['windmill', 'miner', 'admiral', 'nudist', 'niece', 'pig', 'ranch', 'bicycle', 'alleyway', 'blackbird', 'pants', 'putty', 'jeweler', 'doormat', 'astronaut', 'fireman', 'oyster', 'holster'], 'list1': [], 'list2': []}
434;{'list3': [], 'list1': [], 'list2': ['HATE', 'SOILDER']}
437;{'list3': [], 'list1': [], 'list2': []}
440;{'list3': ['miniter'], 'list1': [], 'list2': []}
446;{'list3': [], 'list1': [], 'list2': ['engeineer']}
449;{'list3': [], 'list1': [], 'list2': []}
452;{'list3': ['forl', 'straw'], 'list1': ['straw'], 'list2': ['straw']}
455;{'list3': [], 'list1': [], 'list2': ['viloin']}
458;{'list3': [], 'list1': [], 'list2': []}
461;{'list3': [], 'list1': [], 'list2': []}
464;{'list3': [], 'list1': ['frok', 'bell'], 'list2': []}
467;{'list3': ['Whitsle', 'Oven'], 'list1': ['Frog', 'Bear'], 'list2': []}
470;{'list3': [], 'list1': [], 'list2': []}
473;{'list3': [], 'list1': [], 'list2': []}
476;{'list3': [], 'list1': ['sppon'], 'list2': []}
479;{'list3': [], 'list1': ['key'], 'list2': []}
482;{'list3': [], 'list1': ['pruse'], 'list2': []}
485;{'list3': [], 'list1': ['spoom'], 'list2': ['tutrle', 'solider']}
488;{'list3': ['poon', 'ngineer', 'oil'], 'list1': ['oil'], 'list2': ['oil']}
491;{'list3': ['olf'], 'list1': ['uvk'], 'list2': []}
494;{'list3': [], 'list1': [], 'list2': []}
497;{'list3': [], 'list1': [], 'list2': []}
500;{'list3': [], 'list1': [], 'list2': []}
503;{'list3': ['solidier', 'flipper'], 'list1': [], 'list2': []}
506;{'list3': [], 'list1': ['pastor', 'child', 'egg'], 'list2': ['fish']}
509;{'list3': [], 'list1': ['soldie'], 'list2': []}
512;{'list3': [], 'list1': ['sandal'], 'list2': ['oven']}
515;{'list3': [], 'list1': [], 'list2': ['enginner']}
102;{'list3': [], 'list1': [], 'list2': ['sppon']}
108;{'list3': ['elephant', 'glass', 'catepillar'], 'list1': ['catepillar', 'elephant'], 'list2': ['elephant', 'glass', 'grossbow']}
110;{'list3': [], 'list1': [], 'list2': []}
111;{'list3': [], 'list1': ['vace'], 'list2': []}
114;{'list3': ['Spooon'], 'list1': [], 'list2': []}
117;{'list3': [], 'list1': [], 'list2': []}
123;{'list3': ['sppon'], 'list1': ['dder', 'kitten'], 'list2': []}
126;{'list3': [], 'list1': ['snake'], 'list2': []}
129;{'list3': [], 'list1': ['zebra'], 'list2': ['antelopre']}
138;{'list3': ['moose', 'watch'], 'list1': [], 'list2': ['bear', 'duck', 'fish']}
141;{'list3': ['deero'], 'list1': [], 'list2': []}
144;{'list3': ['socks'], 'list1': ['plier'], 'list2': ['socks']}
147;{'list3': [], 'list1': ['notebook', 'needle3'], 'list2': ['rown', 'notebook']}
150;{'list3': [], 'list1': [], 'list2': []}
153;{'list3': ['flamengo', 'gorrilla'], 'list1': ['flamengo', 'beer', 'racoon'], 'list2': ['koal', 'ballon', 'flamengo', 'racoon']}
159;{'list3': ['omb', 'buterfly'], 'list1': ['kangeroo'], 'list2': []}
162;{'list3': ['racoonj', 'helement', 'mosquitos', 'sciossers'], 'list1': ['racoon', 'scisoors', 'stoolo', 'hawk', 'mosquitos', 'ferrat', 'helement'], 'list2': ['brush]', 'falcoon', 'helment']}
165;"{'list3': ['eer', 'caterpiller', 'piler', 'harpschord'], 'list1': ['piler'], 'list2': ['pleir', 'ru;er', 'clothspin']}"
168;{'list3': [], 'list1': ['hummmingbird', 'barracaud'], 'list2': []}
171;{'list3': ['treumpet', 'armidillo'], 'list1': ['sppom', 'zevra', 'clothespinj', 'armidillo '], 'list2': ['armidillo ']}
174;{'list3': [], 'list1': ['mouse'], 'list2': []}
177;{'list3': ['baracuda'], 'list1': ['bufflo', 'baracooda'], 'list2': ['allagator']}
180;{'list3': ['barrcalona'], 'list1': ['halmet', 'allegator', 'fox'], 'list2': ['dalphin', 'horen', 'halmet', 'elt', 'belt***', 'closespin', 'barrcelona']}
186;{'list3': ['aramdillo', 'barel', 'umberella'], 'list1': ['Barel', 'umberella', 'geiko'], 'list2': ['dragonflly', 'barel', 'umberella']}
189;{'list3': [], 'list1': ['ostritch '], 'list2': ['ostritch']}
192;{'list3': ['toliet'], 'list1': ['purpse', 'gloves'], 'list2': ['purpse']}
195;{'list3': ['car', 'racoon', 'door'], 'list1': ['moose', 'door'], 'list2': ['catapillar', 'moose', 'racoon']}
198;{'list3': ['mosguito', 'socks', 'mantee'], 'list1': [], 'list2': ['mosguito', 'penguieen']}
201;{'list3': ['gloves'], 'list1': ['aligator', 'gloves'], 'list2': ['gloves']}
204;{'list3': ['baracuda'], 'list1': ['spoom', 'baracuda'], 'list2': ['baracuda']}
207;{'list3': ['waller'], 'list1': [], 'list2': []}
210;{'list3': [], 'list1': [], 'list2': []}
213;{'list3': [], 'list1': [], 'list2': []}
216;{'list3': ['resser'], 'list1': [], 'list2': []}
219;{'list3': ['kunk'], 'list1': [], 'list2': []}
222;"{'list3': [], 'list1': ['plier'], 'list2': [""jaguar'""]}"
225;{'list3': ['amardillo'], 'list1': [], 'list2': ['Chettah']}
228;{'list3': ['crocodilla'], 'list1': ['chair'], 'list2': []}
231;{'list3': [], 'list1': [], 'list2': []}
234;{'list3': ['form'], 'list1': [], 'list2': []}
237;{'list3': [], 'list1': ['kangeroo'], 'list2': []}
240;{'list3': ['paper'], 'list1': ['basebal', 'bird'], 'list2': ['paper', 'deet', 'socks']}
243;{'list3': [], 'list1': [], 'list2': ['perret']}
246;{'list3': ['dipolma', 'eer', 'envepope', 'motorcylce', 'armadillow', '(deer*)', 'facet', 'pengiun'], 'list1': ['donky', 'dophin', 'armadillow'], 'list2': ['donky', 'facuet', 'armadillow', 'pengiun']}
249;{'list3': ['ock'], 'list1': ['crocodile'], 'list2': ['caterpilar']}
252;{'list3': [], 'list1': ['drsgonfly'], 'list2': []}
255;{'list3': [], 'list1': [], 'list2': ['baracuda']}
258;{'list3': ['accordian'], 'list1': [], 'list2': ['for', 'accordian']}
261;{'list3': ['motorcyle', 'kangaro', 'trumpit', 'bike'], 'list1': ['bike'], 'list2': ['fauset']}
264;{'list3': ['gorrila'], 'list1': ['closepin ', 'kola '], 'list2': ['cheeta', 'gorrila']}
267;{'list3': [], 'list1': [], 'list2': []}
270;{'list3': ['deep'], 'list1': ['lamp'], 'list2': ['racoon', '']}
273;{'list3': ['motorcyle', 'crocidle'], 'list1': [], 'list2': ['ostrichh']}
276;{'list3': ['sppon'], 'list1': [], 'list2': ['com', 'moneky']}
279;{'list3': [], 'list1': [], 'list2': []}
282;{'list3': [], 'list1': [], 'list2': []}
285;{'list3': [], 'list1': [], 'list2': ['accordian']}
288;{'list3': ['thimple'], 'list1': [], 'list2': ['thimple']}
291;{'list3': ['acordian', 'gloves'], 'list1': ['Acordian', 'Gloves'], 'list2': ['Accordian', 'Gloves']}
294;{'list3': ['ork', 'gutter'], 'list1': ['oxford', 'frog', 'fox', '', ''], 'list2': ['oxford']}
297;{'list3': ['fencve', 'armidillo', 'aligator'], 'list1': ['armidillo', 'harpschord', 'aligator'], 'list2': ['armidillo', 'harpschord']}
300;{'list3': ['corpion', 'cayote'], 'list1': [], 'list2': []}
303;{'list3': ['accordian', 'cissors'], 'list1': ['whitsle', 'racoon'], 'list2': ['accodian']}
306;{'list3': [], 'list1': [], 'list2': ['spoo']}
309;{'list3': [], 'list1': [], 'list2': ['armardillo']}
312;{'list3': ['racoon'], 'list1': ['hat'], 'list2': []}
315;{'list3': [], 'list1': [], 'list2': []}
318;{'list3': ['whale wolf'], 'list1': ['hampster'], 'list2': ['ealge']}
321;{'list3': [], 'list1': [], 'list2': []}
324;{'list3': [], 'list1': ['laundry'], 'list2': []}
327;{'list3': [], 'list1': [], 'list2': []}
330;{'list3': ['pilers'], 'list1': [], 'list2': []}
336;"{'list3': ['oose', 'moose', 'stero'], 'list1': ['bow;', 'moose', 'elephant'], 'list2': ['comb']}"
339;{'list3': [], 'list1': [], 'list2': ['brush']}
342;{'list3': ['toliet'], 'list1': ['toliet'], 'list2': ['toliet']}
345;{'list3': [], 'list1': [], 'list2': []}
348;{'list3': ['oad'], 'list1': ['delphin', 'knife', 'wrenh'], 'list2': ['eer', 'pider']}
351;{'list3': [], 'list1': [], 'list2': []}
354;{'list3': ['ray', 'hore'], 'list1': ['shark\\'], 'list2': []}
357;{'list3': ['chisle', 'hampster'], 'list1': ['baracuda', 'hangar'], 'list2': ['connon']}
360;{'list3': ['sppon'], 'list1': ['leapord'], 'list2': ['for', 'moneky', 'gorrilla', 'leapord']}
363;{'list3': ['aligator', 'shoes'], 'list1': [], 'list2': ['', 'shoes']}
366;{'list3': ['ostrich', 'locusts'], 'list1': ['rats', 'mittens', 'shoes', 'panda', 'fox'], 'list2': []}
369;{'list3': ['spool', 'rog'], 'list1': [], 'list2': []}
372;{'list3': [], 'list1': [], 'list2': []}
375;{'list3': [], 'list1': ['cowe'], 'list2': ['pliars', 'aquarium']}
378;{'list3': [], 'list1': ['racoon', 'misquito', 'candel '], 'list2': ['mosiquito', 'umberlla', 'candel']}
381;{'list3': ['poon'], 'list1': ['lepord'], 'list2': []}
384;{'list3': [], 'list1': [], 'list2': ['monkey panther']}
387;{'list3': ['baloon', 'harpiscope'], 'list1': [], 'list2': ['crocidile', 'catapillar', 'hawk', 'harpiscope', 'zebra']}
390;{'list3': ['sppon', 'sool'], 'list1': [], 'list2': []}
393;{'list3': [], 'list1': ['sppon ', 'sppon', 'goldfiswh', 'waspo', 'deploma'], 'list2': ['moose']}
396;{'list3': ['sppon'], 'list1': ['humming birg'], 'list2': ['closet']}
399;"{'list3': ['penci;', 'bird', 'orshrid'], 'list1': ['oschrid'], 'list2': ['orschrid']}"
402;{'list3': ['chettah', 'acordion'], 'list1': ['peguin', 'pelicon', 'catapillar', 'book'], 'list2': ['pelicon', 'book', 'acordion']}
405;{'list3': [], 'list1': ['spoder'], 'list2': ['sppon', 'himmingbird', 'donket']}
408;{'list3': ['gorila', 'geans', 'fauset', 'hager', 'mouse'], 'list1': [], 'list2': ['fauset']}
411;{'list3': [], 'list1': [], 'list2': []}
414;{'list3': ['mirror'], 'list1': ['mirror'], 'list2': []}
417;{'list3': [], 'list1': [], 'list2': []}
420;{'list3': ['napkin'], 'list1': ['napkin', 'cup'], 'list2': ['trumphet', 'napkin']}
423;{'list3': ['gorrilla'], 'list1': ['screwdriver'], 'list2': []}
426;{'list3': [], 'list1': ['ACCORIDAN'], 'list2': ['ACCORDIAN', 'MICORWAVE']}
429;{'list3': ['rate'], 'list1': [], 'list2': []}
432;{'list3': ['vrown'], 'list1': ['agle'], 'list2': []}
435;{'list3': ['aramadillo'], 'list1': ['volleybal'], 'list2': ['lamo']}
438;{'list3': ['crocidile', 'violen'], 'list1': ['crocadile'], 'list2': ['violen', 'crocadile']}
441;{'list3': ['eer', 'deer^', 'tiger', 'sink'], 'list1': ['tiger'], 'list2': ['tiger', 'dove']}
444;{'list3': ['led'], 'list1': [], 'list2': []}
447;{'list3': [], 'list1': [], 'list2': []}
450;{'list3': [], 'list1': ['cactus'], 'list2': []}
453;{'list3': [], 'list1': [], 'list2': []}
456;{'list3': ['Fish', 'Turtle'], 'list1': ['Dog', 'Fish', 'Monkey'], 'list2': []}
459;{'list3': ['dee4r', 'ravej', 'toliet'], 'list1': [], 'list2': ['crocodilla', 'toliet']}
462;{'list3': [], 'list1': [], 'list2': ['Kangaroon', '']}
465;{'list3': ['Harpischord', 'Ostrick'], 'list1': ['Racoon'], 'list2': ['Feret', 'Letter']}
468;{'list3': ['accordian', 'vollleyball'], 'list1': ['goat', 'accordian'], 'list2': ['accordian']}
471;{'list3': ['deeer', 'pelicon'], 'list1': ['esk'], 'list2': ['esk', 'lephant']}
474;{'list3': [], 'list1': ['drogonfly'], 'list2': ['rog', 'clothepin']}
477;{'list3': ['flacon', 'baraccuda '], 'list1': ['racoon', 'dipolma', 'baraccuda'], 'list2': ['motercycle']}
480;{'list3': [], 'list1': [], 'list2': []}
483;{'list3': ['oad', 'toad*', 'flamingo*'], 'list1': ['at', 'cat*'], 'list2': ['ase', 'vase*']}
486;{'list3': ['motorcyle', 'catepillar'], 'list1': [], 'list2': ['pengiun']}
489;{'list3': ['sppon', 'ork', 'crocidile', 'envelop', 'kangroo', 'stero ', 'helment', 'buttefly'], 'list1': ['crocidile', 'helment'], 'list2': ['crocidile', 'helment']}
492;{'list3': ['eer'], 'list1': [], 'list2': []}
495;{'list3': ['tumpet', 'allitgator'], 'list1': [], 'list2': []}
498;{'list3': [], 'list1': [], 'list2': ['rmadillo']}
501;{'list3': [], 'list1': [], 'list2': []}
504;{'list3': ['mouse'], 'list1': ['elephant', 'car', 'monkey'], 'list2': ['mop']}
507;{'list3': [], 'list1': ['moon'], 'list2': []}
510;{'list3': [], 'list1': [], 'list2': []}
513;{'list3': ['helemt'], 'list1': ['grasshoper'], 'list2': []}
516;{'list3': [], 'list1': ['socks', 'moose'], 'list2': []}
106;{'list3': ['marckel'], 'list1': ['mahnet', 'bod'], 'list2': ['bayoney']}
109;{'list3': [], 'list1': ['cat'], 'list2': []}
112;{'list3': ['cheuffer', 'beyonet'], 'list1': ['cheuffer', 'truck'], 'list2': ['cheuffer', 'beyonette', 'windnioll', 'windmill*']}
115;{'list3': ['mackrele'], 'list1': ['for'], 'list2': []}
124;{'list3': ['ukelele', 'sppon'], 'list1': [], 'list2': []}
127;{'list3': ['mackiral', 'frok', 'amel'], 'list1': [], 'list2': ['oolbox', 'makaral']}
130;{'list3': ['gymnist', 'chauffer', 'fafrmhouse'], 'list1': [], 'list2': []}
133;{'list3': [], 'list1': [], 'list2': []}
139;{'list3': ['amel', 'jewler', 'camel*'], 'list1': [], 'list2': ['alleway']}
142;{'list3': [], 'list1': [], 'list2': ['ukelele']}
145;{'list3': [], 'list1': ['neice'], 'list2': ['neice']}
148;{'list3': ['casion', 'bayonette', 'chauffer', 'bezene'], 'list1': ['chauffer', 'bayonette'], 'list2': ['bayonette', 'bezene', 'chauffer']}
149;{'list3': ['chauffer', 'civillian'], 'list1': ['painting', 'jigsaw'], 'list2': ['civlian', 'jewler', 'gold']}
151;{'list3': ['oose', 'civilan', 'jewler'], 'list1': ['senetor', 'jewlwey', ''], 'list2': ['citizen ', 'senetor']}
154;{'list3': ['chicekn', 'farm'], 'list1': [], 'list2': []}
157;{'list3': [], 'list1': [], 'list2': ['chaffuer']}
160;{'list3': ['Sppon'], 'list1': [], 'list2': []}
163;{'list3': ['tortise'], 'list1': ['tortise'], 'list2': ['sppon', 'tortise']}
166;{'list3': ['iner', 'bunnny'], 'list1': ['veel'], 'list2': ['yearboko', 'adamant']}
169;{'list3': ['padde', 'inscet', 'ukulili'], 'list1': ['wood'], 'list2': ['contractor', 'bloodbound', 'ukilali']}
172;{'list3': [], 'list1': [], 'list2': []}
175;{'list3': ['astrnoaut', 'teacher', 'tourtise'], 'list1': [], 'list2': ['tuortise']}
181;{'list3': ['bycicle'], 'list1': ['bycicle', 'ambasador'], 'list2': ['bycicle']}
184;{'list3': ['women', 'athelete', 'chauffer'], 'list1': ['chauffer'], 'list2': ['women', 'townhome', 'bauynet']}
187;{'list3': ['winmill'], 'list1': [], 'list2': []}
190;{'list3': ['furnture', 'parents', 'neice', 'towen', 'ukalele', 'tourtuse', 'murkat'], 'list1': ['ukulale', 'neice', 'parents', 'penciel', 'draw', 'tourtise'], 'list2': ['ukalae', 'pincel', 'tourtuse', 'parents', 'neice']}
193;{'list3': ['sppon', 'chaufere'], 'list1': [], 'list2': ['chauffere', 'bronzere']}
196;{'list3': ['adminal', 'civilian\\', 'amdassador', 'makerel'], 'list1': ['adminral', 'bicylce', 'civilan', 'amdassador', 'baoynet', 'makerel'], 'list2': ['adminal', 'makerel']}
199;{'list3': [], 'list1': ['book', 'kohala'], 'list2': ['bicyle']}
202;{'list3': [], 'list1': ['ambassator'], 'list2': []}
205;{'list3': ['civillian'], 'list1': ['civillian'], 'list2': ['civillian']}
208;{'list3': [], 'list1': ['shaham'], 'list2': []}
211;{'list3': ['puddy'], 'list1': ['dear', 'minor', 'turtoise'], 'list2': ['turtoise', 'minor']}
214;{'list3': ['ukele', 'painter'], 'list1': ['oyoster', 'gymmanist'], 'list2': ['carpentr', 'ukele']}
217;{'list3': [], 'list1': ['Jewler', 'Rabbit'], 'list2': []}
220;{'list3': [], 'list1': [], 'list2': ['denzene']}
223;{'list3': ['brewry', 'carpentar', 'gymnest'], 'list1': ['brewry', 'tortuise', 'gymnest'], 'list2': ['tortise', 'carpentor', 'gymnest']}
226;{'list3': ['ukelele'], 'list1': ['climbing'], 'list2': []}
229;{'list3': ['ukelele'], 'list1': [], 'list2': ['ukelele']}
232;{'list3': [], 'list1': ['poon '], 'list2': ['Mackeral']}
235;{'list3': ['sppon '], 'list1': ['chauffer'], 'list2': []}
238;{'list3': ['dairy', 'chauffuer'], 'list1': [], 'list2': ['chauffer']}
241;{'list3': ['ukelele', 'women'], 'list1': ['women', 'allyway', 'ukelele'], 'list2': ['women', 'ukelele']}
244;{'list3': ['athelet'], 'list1': ['budist'], 'list2': ['admial', 'athelete']}
247;{'list3': ['tortise', 'mackarel', 'astrounot', 'poon', 'ork ', 'armhouse', 'nsect', 'enzene '], 'list1': [], 'list2': ['ortoise', '']}
250;{'list3': ['door', 'townhoose', 'townhouse*', 'senattor'], 'list1': [], 'list2': []}
253;{'list3': ['bank', 'beneze', 'civllian'], 'list1': [], 'list2': ['beneze', 'tortiouse', 'dog']}
256;{'list3': ['furntiure', 'benezene', 'sentor', 'gymnist'], 'list1': [], 'list2': ['benezene', 'sentior', 'kola']}
259;{'list3': ['astonaut'], 'list1': [], 'list2': []}
262;{'list3': [], 'list1': ['serpent'], 'list2': ['sppon', 'dear']}
265;{'list3': ['astonut', 'fruniture', 'boyant ', 'chauffer'], 'list1': ['denzene', 'cat'], 'list2': ['astrounat', 'chauffer']}
268;{'list3': ['twoer'], 'list1': [], 'list2': []}
271;{'list3': [], 'list1': ['chauffer'], 'list2': ['civillian ', 'chauffer']}
274;{'list3': ['sppon', 'townhome', 'piant', 'sentor'], 'list1': ['astronut', 'sentor', 'gmnyst '], 'list2': ['astronut', 'gymnist', 'sentor']}
277;{'list3': ['austronaut', 'civillian '], 'list1': [], 'list2': ['ambasador ', 'space ', 'austronaut']}
280;{'list3': [], 'list1': [], 'list2': []}
283;{'list3': ['astronaunt', 'ranch\\', 'chaufer'], 'list1': ['markel'], 'list2': ['astrountant', 'merckl']}
286;{'list3': ['astronout', 'jewler', 'uklele'], 'list1': ['ukuleele'], 'list2': ['tortise', 'uklele ', 'astronauht', 'women', 'salesmen', 'jewler']}
289;{'list3': [], 'list1': ['sheshore'], 'list2': ['ceil']}
292;{'list3': [], 'list1': ['atsronaut', 'general'], 'list2': []}
295;{'list3': ['embassador', 'uukelele', 'civillian'], 'list1': ['embasador'], 'list2': ['embassador']}
298;{'list3': ['chaffeaur'], 'list1': [], 'list2': ['chaffeaur']}
301;{'list3': ['althelte'], 'list1': ['painter'], 'list2': ['miber']}
304;{'list3': ['townhome', 'mackerol'], 'list1': ['ghost'], 'list2': ['townhome']}
307;{'list3': [], 'list1': ['bear', 'beavwer', 'toaster', 'beer', 'wood'], 'list2': []}
310;{'list3': ['fierman', 'windmil', 'perant', 'pencile', 'tortious', 'sailboat', 'ukevel', 'camle'], 'list1': ['camale', 'pencile', 'windmil', 'tortius'], 'list2': ['fierman', 'tortius', 'beer', 'pencile', 'windmil', 'holister']}
313;{'list3': ['townhome'], 'list1': ['ukelele'], 'list2': ['townhome', 'ukelele']}
316;{'list3': ['neice'], 'list1': [], 'list2': []}
319;{'list3': ['eer', 'indmill', 'tuboat'], 'list1': [], 'list2': []}
322;{'list3': [], 'list1': ['seantor'], 'list2': ['mackeral']}
325;{'list3': ['jewelry'], 'list1': ['ukelele'], 'list2': ['jewlery']}
328;{'list3': ['gymast', 'chauffer'], 'list1': ['place', 'moose'], 'list2': ['spook']}
332;{'list3': ['ukelele', 'haman'], 'list1': ['ukele'], 'list2': []}
334;{'list3': [], 'list1': ['stapled', 'bod', 'chauffer'], 'list2': ['ranch deer']}
337;{'list3': ['nail', 'dotor'], 'list1': ['odd'], 'list2': ['blackbirx', 'senate']}
340;{'list3': ['fiddler'], 'list1': ['birdman', 'boat', 'lady'], 'list2': []}
343;{'list3': [], 'list1': ['tortise'], 'list2': []}
346;{'list3': ['blackbirf', 'ukelele', 'chauffer'], 'list1': ['ukelele', 'vhemist', 'chauffer'], 'list2': ['ukelele', 'chauffer']}
349;{'list3': ['allwyway', 'biker', 'uklele'], 'list1': ['bike', 'ukele', 'athelete'], 'list2': ['ukele', 'bike']}
352;{'list3': ['bayonte', 'astrunaut'], 'list1': ['jewler', 'dog', 'women', 'beyonte'], 'list2': ['spoon\\', 'jewler', 'bayonte']}
355;{'list3': ['forl'], 'list1': ['benezen'], 'list2': []}
358;{'list3': ['seashell', 'chaufar', 'ukelele', 'tortise'], 'list1': ['townhome', 'ukele'], 'list2': ['ukelele']}
361;{'list3': [' seahorse', 'jewler', 'superherp', '*superhero'], 'list1': ['seahorse', 'jewler'], 'list2': ['jewler', 'seahorse']}
364;{'list3': ['ukelee'], 'list1': [], 'list2': []}
367;{'list3': [], 'list1': ['dear'], 'list2': ['frieman']}
370;{'list3': [], 'list1': ['neice'], 'list2': ['benzone', 'astronout']}
373;{'list3': ['poon'], 'list1': ['Ukelele', 'soccer?'], 'list2': []}
376;{'list3': [], 'list1': ['chaffeur'], 'list2': []}
379;{'list3': ['women'], 'list1': ['women', 'saleman'], 'list2': ['puuty', 'women']}
382;{'list3': ['chaufeur', 'neice'], 'list1': ['neice', 'oyester', 'salesmen'], 'list2': ['salesmen']}
385;{'list3': ['bycicle'], 'list1': ['bycicle'], 'list2': ['pachage', 'bycicle']}
388;{'list3': [], 'list1': [], 'list2': []}
391;{'list3': ['eashore'], 'list1': [], 'list2': []}
394;{'list3': ['palaca', 'ukelele'], 'list1': [], 'list2': ['', '', 'ukelele']}
397;{'list3': ['oysters'], 'list1': ['ukuele', 'bezene'], 'list2': ['oysters']}
400;{'list3': ['holstor', 'bevenve'], 'list1': [], 'list2': []}
403;{'list3': ['casinp'], 'list1': [], 'list2': []}
406;{'list3': ['tortise'], 'list1': ['tortise'], 'list2': ['tortise']}
409;{'list3': [], 'list1': [], 'list2': []}
412;{'list3': ['ambassdors '], 'list1': ['amassabor', 'oranment '], 'list2': ['brewerly ', 'ambassdor ', 'civilan ', 'adimarl ']}
415;{'list3': ['DERR'], 'list1': ['DENZENE'], 'list2': ['DENZENE']}
418;{'list3': [], 'list1': ['yearbock'], 'list2': ['mackeral']}
421;{'list3': ['PANITER', 'MACKERL'], 'list1': ['LIGHTHOUSE', 'MIRROR', 'MACKREL'], 'list2': []}
424;{'list3': ['astronaught'], 'list1': [], 'list2': ['astronaught']}
427;{'list3': ['ukelele', 'byclcyle', 'dee', 'merkacl'], 'list1': ['artist'], 'list2': ['artist']}
430;{'list3': ['astraunot', 'jewler', 'seashosre'], 'list1': ['seahorse'], 'list2': ['seahorse']}
439;{'list3': ['gymnst'], 'list1': ['women', 'pencile', 'berwery'], 'list2': ['gymnst']}
442;{'list3': ['astrounot', 'spaceship[', 'senate', 'mother'], 'list1': ['car', 'rose', 'astrunout', 'space', 'dirt', 'dog', 'rugged', 'outside', 'wedding', 'house', 'terain', 'governer', 'senate', 'quail', 'chicken'], 'list2': ['senate', 'seachore', 'vil', 'astronout', 'govenor']}
445;{'list3': ['castle'], 'list1': ['chauffer'], 'list2': ['neice', 'castle']}
448;{'list3': [], 'list1': ['husband'], 'list2': ['pecil']}
451;{'list3': ['makeral', 'admeril', 'jewler', 'carpender', 'women'], 'list1': ['crapender', 'jewler', 'bickle', 'women', 'admrial'], 'list2': ['dear', 'birl', 'bycicle', 'women', 'carpender', 'jewler', 'nudiest']}
454;{'list3': ['daughter', 'coal'], 'list1': [], 'list2': ['daughter', 'coop']}
457;{'list3': ['ukelele', 'astronaunt'], 'list1': [], 'list2': ['astronaunt', 'sooin']}
460;{'list3': [], 'list1': ['astonaut', 'seashorse'], 'list2': []}
463;{'list3': ['chaufer', 'neice', 'form', 'bayonete', 'admaral', 'makeral'], 'list1': ['neice', 'shovel', 'moose', 'bayonete'], 'list2': ['makerel', 'bayonete', 'admeral']}
466;{'list3': [], 'list1': ['spoom', 'spoon*', 'spider', ''], 'list2': ['spider']}
469;{'list3': [], 'list1': [], 'list2': ['sneator']}
472;{'list3': ['ukuele'], 'list1': ['ukullee'], 'list2': []}
475;{'list3': ['chaueffer'], 'list1': [], 'list2': ['chauffer']}
478;{'list3': ['astrounot', 'bloodhounf'], 'list1': [], 'list2': ['viel']}
481;{'list3': ['champion'], 'list1': ['makerel'], 'list2': ['champion']}
484;{'list3': [], 'list1': ['door', 'makrel', 'spaceschip', 'trail'], 'list2': ['viel']}
487;{'list3': [], 'list1': ['children ', ''], 'list2': []}
490;{'list3': [], 'list1': [], 'list2': []}
493;{'list3': ['dee', 'chaufure'], 'list1': ['mackeral', 'fish'], 'list2': ['chaufeer']}
496;{'list3': ['ornaments', 'bycicle', 'moose'], 'list1': ['diery', 'bezene', 'physisican', 'governor', 'engineer'], 'list2': ['bycicle', 'moose']}
499;{'list3': ['townhome', 'abassador', 'ukelele'], 'list1': [], 'list2': ['ukelele']}
502;{'list3': ['jewler', 'deet'], 'list1': ['jewley', 'cauffer'], 'list2': ['jewler', 'goosr', 'admirl']}
505;{'list3': ['snator', 'chauffer', 'climer'], 'list1': ['clime', 'climer'], 'list2': ['climer', 'chauffer']}
508;{'list3': ['salseman'], 'list1': ['firefighter', 'building'], 'list2': []}
511;{'list3': ['warlord', 'sponge', 'chauffer'], 'list1': ['chaufer', 'ukilele'], 'list2': ['chauffer', 'pon', 'poge', 'sponge']}
514;{'list3': [], 'list1': [], 'list2': []}
